build_mode_development,build_mode_label_development,population,population_label,condition,condition_label,final_total_score_development,final_score_gap_development,cumulative_trades_executed_development,final_idle_infrastructure_development,final_total_infrastructure_development,final_total_production_sites_development,final_total_advanced_sites_development,final_total_innovation_development,build_mode_crown,build_mode_label_crown,final_total_score_crown,final_score_gap_crown,cumulative_trades_executed_crown,final_idle_infrastructure_crown,final_total_infrastructure_crown,final_total_production_sites_crown,final_total_advanced_sites_crown,final_total_innovation_crown,build_mode_comparison,build_mode_from,build_mode_to,delta_final_total_score,delta_final_score_gap,delta_cumulative_trades_executed,delta_final_idle_infrastructure,delta_final_total_infrastructure,delta_final_total_production_sites,delta_final_total_advanced_sites,delta_final_total_innovation,pct_change_final_total_score,pct_change_final_score_gap,pct_change_cumulative_trades_executed
development_oriented,Development-oriented,competitive,Competitive,bilateral_trade,Bilateral,91.085,26.71,19.805,13.895,39.855,6.59,6.39,26.535,crown_aware,Crown-aware,89.745,26.67,19.46,13.94,39.68,6.68,6.19,26.785,crown_aware_minus_development_oriented,development_oriented,crown_aware,-1.3399999999999892,-0.03999999999999915,-0.34499999999999886,0.04499999999999993,-0.17499999999999716,0.08999999999999986,-0.1999999999999993,0.25,-1.4711533183290215,-0.1497566454511387,-1.7419843473870178
development_oriented,Development-oriented,competitive,Competitive,bilateral_trade_3pass,Bilateral 3-pass,97.565,27.42,21.235,12.67,40.76,6.975,7.07,25.905,crown_aware,Crown-aware,95.965,27.23,20.81,13.125,40.625,6.82,6.93,25.93,crown_aware_minus_development_oriented,development_oriented,crown_aware,-1.5999999999999943,-0.19000000000000128,-0.4250000000000007,0.45500000000000007,-0.134999999999998,-0.15499999999999936,-0.14000000000000057,0.02499999999999858,-1.6399323527904417,-0.6929248723559492,-2.0014127619496147
development_oriented,Development-oriented,competitive,Competitive,bottleneck_priority_bilateral_trade,Bottleneck,92.005,26.235,19.59,14.05,40.2,6.56,6.515,26.485,crown_aware,Crown-aware,90.85,26.415,19.03,14.14,39.93,6.485,6.41,26.41,crown_aware_minus_development_oriented,development_oriented,crown_aware,-1.1550000000000011,0.17999999999999972,-0.5599999999999987,0.08999999999999986,-0.2700000000000031,-0.07499999999999929,-0.10499999999999954,-0.07499999999999929,-1.255366556165427,0.6861063464837039,-2.8586013272077526
development_oriented,Development-oriented,competitive,Competitive,catch_up_bilateral_trade,Catch-up,90.76,28.0,19.225,13.205,39.315,6.765,6.29,26.265,crown_aware,Crown-aware,89.71,27.795,19.045,13.84,39.49,6.595,6.23,26.385,crown_aware_minus_development_oriented,development_oriented,crown_aware,-1.0500000000000114,-0.2049999999999983,-0.17999999999999972,0.6349999999999998,0.17500000000000426,-0.16999999999999993,-0.05999999999999961,0.120000000000001,-1.1568973115910217,-0.7321428571428511,-0.936280884265278
development_oriented,Development-oriented,competitive,Competitive,central_clearing,Central clearing,145.06,17.24,51.99,8.59,47.18,5.845,13.45,20.245,crown_aware,Crown-aware,143.25,17.34,51.56,8.79,46.95,5.84,13.24,20.755,crown_aware_minus_development_oriented,development_oriented,crown_aware,-1.8100000000000023,0.10000000000000142,-0.4299999999999997,0.1999999999999993,-0.22999999999999687,-0.004999999999999893,-0.20999999999999908,0.509999999999998,-1.2477595477733368,0.5800464037123053,-0.8270821311790724
development_oriented,Development-oriented,competitive,Competitive,central_clearing_capped,Central capped (2),117.91,21.92,35.385,9.81,42.47,6.58,9.75,24.015,crown_aware,Crown-aware,117.185,22.07,35.24,9.7,42.24,6.62,9.65,24.14,crown_aware_minus_development_oriented,development_oriented,crown_aware,-0.7249999999999943,0.14999999999999858,-0.14499999999999602,-0.11000000000000121,-0.22999999999999687,0.040000000000000036,-0.09999999999999964,0.125,-0.614875752692727,0.6843065693430591,-0.409778154585265
development_oriented,Development-oriented,competitive,Competitive,clearinghouse_bargaining,Clearinghouse,97.02,27.07,20.72,12.59,40.45,6.92,7.01,25.71,crown_aware,Crown-aware,94.985,26.48,20.34,12.92,40.07,6.75,6.825,26.0,crown_aware_minus_development_oriented,development_oriented,crown_aware,-2.0349999999999966,-0.5899999999999999,-0.379999999999999,0.33000000000000007,-0.38000000000000256,-0.16999999999999993,-0.1849999999999996,0.28999999999999915,-2.097505668934237,-2.1795345400812702,-1.8339768339768292
development_oriented,Development-oriented,competitive,Competitive,equity_weighted_central,Equity central,140.4,14.72,52.505,9.015,46.995,6.325,12.665,21.66,crown_aware,Crown-aware,137.74,14.995,51.29,9.59,46.85,6.26,12.37,22.02,crown_aware_minus_development_oriented,development_oriented,crown_aware,-2.6599999999999966,0.2749999999999986,-1.2150000000000034,0.5749999999999993,-0.14499999999999602,-0.06500000000000039,-0.29499999999999993,0.35999999999999943,-1.894586894586892,1.8682065217391206,-2.31406532711171
development_oriented,Development-oriented,competitive,Competitive,no_trade,No trade,29.36,10.785,0.0,15.635,21.895,2.705,0.425,15.595,crown_aware,Crown-aware,29.36,10.785,0.0,15.635,21.895,2.705,0.425,15.595,crown_aware_minus_development_oriented,development_oriented,crown_aware,0.0,0.0,0.0,0.0,0.0,0.0,0.0,0.0,0.0,0.0,
development_oriented,Development-oriented,competitive,Competitive,public_pool,Public pool,29.36,10.785,0.0,15.635,21.895,2.705,0.425,15.595,crown_aware,Crown-aware,29.36,10.785,0.0,15.635,21.895,2.705,0.425,15.595,crown_aware_minus_development_oriented,development_oriented,crown_aware,0.0,0.0,0.0,0.0,0.0,0.0,0.0,0.0,0.0,0.0,
development_oriented,Development-oriented,competitive,Competitive,subsidized_catch_up,Subsidized,73.285,15.405,18.23,12.195,34.495,6.975,4.175,18.855,crown_aware,Crown-aware,72.8,15.325,17.94,12.14,34.29,6.95,4.125,18.975,crown_aware_minus_development_oriented,development_oriented,crown_aware,-0.48499999999999943,-0.08000000000000007,-0.28999999999999915,-0.054999999999999716,-0.2049999999999983,-0.024999999999999467,-0.04999999999999982,0.120000000000001,-0.6617998226103561,-0.5193119117169754,-1.5907844212835938
development_oriented,Development-oriented,cooperative,Cooperative,bilateral_trade,Bilateral,115.58,28.545,42.43,12.58,43.92,5.975,9.695,23.455,crown_aware,Crown-aware,114.52,28.49,42.3,12.38,43.59,6.105,9.5,23.905,crown_aware_minus_development_oriented,development_oriented,crown_aware,-1.0600000000000023,-0.05500000000000327,-0.13000000000000256,-0.1999999999999993,-0.3299999999999983,0.13000000000000078,-0.19500000000000028,0.45000000000000284,-0.917113687489187,-0.19267822736031973,-0.3063869903370317
development_oriented,Development-oriented,cooperative,Cooperative,bilateral_trade_3pass,Bilateral 3-pass,125.835,29.64,69.205,10.845,45.115,6.26,10.875,22.4,crown_aware,Crown-aware,124.535,30.0,69.685,11.165,45.145,6.255,10.735,22.425,crown_aware_minus_development_oriented,development_oriented,crown_aware,-1.2999999999999972,0.35999999999999943,0.480000000000004,0.3199999999999985,0.030000000000001137,-0.004999999999999893,-0.14000000000000057,0.02500000000000213,-1.0330988993523242,1.2145748987854232,0.6935915035040878
development_oriented,Development-oriented,cooperative,Cooperative,bottleneck_priority_bilateral_trade,Bottleneck,117.59,29.705,42.05,12.04,44.06,6.145,9.865,23.715,crown_aware,Crown-aware,115.57,29.5,41.975,12.25,43.77,6.155,9.605,24.085,crown_aware_minus_development_oriented,development_oriented,crown_aware,-2.0200000000000102,-0.2049999999999983,-0.07499999999999574,0.21000000000000085,-0.28999999999999915,0.010000000000000675,-0.2599999999999998,0.370000000000001,-1.717833149077311,-0.6901195085002468,-0.17835909631390187
development_oriented,Development-oriented,cooperative,Cooperative,catch_up_bilateral_trade,Catch-up,114.045,30.33,42.24,12.455,43.405,5.945,9.53,23.48,crown_aware,Crown-aware,113.395,30.25,41.915,12.705,43.425,5.895,9.465,23.49,crown_aware_minus_development_oriented,development_oriented,crown_aware,-0.6500000000000057,-0.0799999999999983,-0.32500000000000284,0.25,0.01999999999999602,-0.05000000000000071,-0.0649999999999995,0.00999999999999801,-0.5699504581524887,-0.26376524892844805,-0.7694128787878854
development_oriented,Development-oriented,cooperative,Cooperative,central_clearing,Central clearing,145.06,17.24,51.99,8.59,47.18,5.845,13.45,20.245,crown_aware,Crown-aware,144.53,17.45,51.865,8.82,47.1,5.7,13.44,20.465,crown_aware_minus_development_oriented,development_oriented,crown_aware,-0.5300000000000011,0.21000000000000085,-0.125,0.23000000000000043,-0.0799999999999983,-0.14499999999999957,-0.009999999999999787,0.21999999999999886,-0.365366055425342,1.2180974477958286,-0.2404308520869398
development_oriented,Development-oriented,cooperative,Cooperative,central_clearing_capped,Central capped (2),117.91,21.92,35.385,9.81,42.47,6.58,9.75,24.015,crown_aware,Crown-aware,117.95,22.02,35.295,9.61,42.43,6.695,9.715,23.965,crown_aware_minus_development_oriented,development_oriented,crown_aware,0.04000000000000625,0.09999999999999787,-0.0899999999999963,-0.20000000000000107,-0.03999999999999915,0.11500000000000021,-0.03500000000000014,-0.05000000000000071,0.03392417945891464,0.456204379562034,-0.25434506146671276
development_oriented,Development-oriented,cooperative,Cooperative,clearinghouse_bargaining,Clearinghouse,116.115,27.605,42.41,11.715,43.265,6.035,9.74,23.13,crown_aware,Crown-aware,113.655,27.625,42.18,12.31,43.06,5.885,9.49,23.235,crown_aware_minus_development_oriented,development_oriented,crown_aware,-2.4599999999999937,0.019999999999999574,-0.22999999999999687,0.5950000000000006,-0.2049999999999983,-0.15000000000000036,-0.25,0.10500000000000043,-2.1185893295439815,0.07245064299945507,-0.542324923367123
development_oriented,Development-oriented,cooperative,Cooperative,equity_weighted_central,Equity central,140.4,14.72,52.505,9.015,46.995,6.325,12.665,21.66,crown_aware,Crown-aware,139.035,14.865,51.955,9.26,46.84,6.265,12.525,21.79,crown_aware_minus_development_oriented,development_oriented,crown_aware,-1.365000000000009,0.14499999999999957,-0.5500000000000043,0.24499999999999922,-0.15499999999999403,-0.0600000000000005,-0.1399999999999988,0.129999999999999,-0.9722222222222286,0.985054347826084,-1.047519283877734
development_oriented,Development-oriented,cooperative,Cooperative,no_trade,No trade,29.36,10.785,0.0,15.635,21.895,2.705,0.425,15.595,crown_aware,Crown-aware,29.36,10.785,0.0,15.635,21.895,2.705,0.425,15.595,crown_aware_minus_development_oriented,development_oriented,crown_aware,0.0,0.0,0.0,0.0,0.0,0.0,0.0,0.0,0.0,0.0,
development_oriented,Development-oriented,cooperative,Cooperative,public_pool,Public pool,140.595,14.065,50.295,6.14,40.16,3.025,13.985,18.215,crown_aware,Crown-aware,139.575,14.4,50.03,6.2,39.97,3.025,13.86,18.435,crown_aware_minus_development_oriented,development_oriented,crown_aware,-1.0200000000000102,0.33500000000000085,-0.26500000000000057,0.0600000000000005,-0.18999999999999773,0.0,-0.125,0.21999999999999886,-0.7254881041288881,2.3817987913259926,-0.5268913410875844
development_oriented,Development-oriented,cooperative,Cooperative,subsidized_catch_up,Subsidized,73.285,15.405,18.23,12.195,34.495,6.975,4.175,18.855,crown_aware,Crown-aware,72.905,15.35,17.995,12.18,34.37,6.96,4.135,18.925,crown_aware_minus_development_oriented,development_oriented,crown_aware,-0.37999999999999545,-0.054999999999999716,-0.23499999999999943,-0.015000000000000568,-0.125,-0.01499999999999968,-0.040000000000000036,0.07000000000000028,-0.5185235723545002,-0.3570269393054185,-1.2890839275918784
development_oriented,Development-oriented,fairness_sensitive,Fairness-sensitive,bilateral_trade,Bilateral,120.62,24.94,35.625,11.04,44.5,6.665,10.065,23.4,crown_aware,Crown-aware,119.385,24.805,35.425,11.035,44.165,6.655,9.91,23.61,crown_aware_minus_development_oriented,development_oriented,crown_aware,-1.2349999999999994,-0.13500000000000156,-0.20000000000000284,-0.004999999999999005,-0.33500000000000085,-0.009999999999999787,-0.15499999999999936,0.21000000000000085,-1.0238766373735695,-0.5412991178829253,-0.5614035087719378
development_oriented,Development-oriented,fairness_sensitive,Fairness-sensitive,bilateral_trade_3pass,Bilateral 3-pass,127.415,24.7,48.86,10.85,45.47,6.225,11.085,22.275,crown_aware,Crown-aware,127.45,24.91,48.49,10.815,45.565,6.295,11.08,22.255,crown_aware_minus_development_oriented,development_oriented,crown_aware,0.03499999999999659,0.21000000000000085,-0.36999999999999744,-0.03500000000000014,0.09499999999999886,0.07000000000000028,-0.005000000000000782,-0.019999999999999574,0.027469293254323734,0.850202429149801,-0.7572656569791189
development_oriented,Development-oriented,fairness_sensitive,Fairness-sensitive,bottleneck_priority_bilateral_trade,Bottleneck,116.765,24.73,35.125,11.1,43.63,6.695,9.57,23.53,crown_aware,Crown-aware,116.845,24.41,35.22,10.8,43.37,6.72,9.565,23.74,crown_aware_minus_development_oriented,development_oriented,crown_aware,0.0799999999999983,-0.3200000000000003,0.09499999999999886,-0.29999999999999893,-0.2600000000000051,0.024999999999999467,-0.005000000000000782,0.2099999999999973,0.06851368132573828,-1.2939749292357472,0.27046263345195404
development_oriented,Development-oriented,fairness_sensitive,Fairness-sensitive,catch_up_bilateral_trade,Catch-up,117.4,25.255,35.23,11.105,43.655,6.57,9.705,23.385,crown_aware,Crown-aware,115.545,24.915,35.02,11.07,43.34,6.73,9.405,23.895,crown_aware_minus_development_oriented,development_oriented,crown_aware,-1.855000000000004,-0.33999999999999986,-0.20999999999999375,-0.03500000000000014,-0.3149999999999977,0.16000000000000014,-0.3000000000000007,0.509999999999998,-1.5800681431005144,-1.346268065729558,-0.5960828839057445
development_oriented,Development-oriented,fairness_sensitive,Fairness-sensitive,central_clearing,Central clearing,146.4,17.1,52.2,8.415,47.475,5.88,13.65,19.795,crown_aware,Crown-aware,145.625,17.135,51.995,8.105,46.985,5.89,13.55,20.035,crown_aware_minus_development_oriented,development_oriented,crown_aware,-0.7750000000000057,0.03500000000000014,-0.2050000000000054,-0.3099999999999987,-0.490000000000002,0.009999999999999787,-0.09999999999999964,0.23999999999999844,-0.5293715846994574,0.20467836257310024,-0.39272030651342027
development_oriented,Development-oriented,fairness_sensitive,Fairness-sensitive,central_clearing_capped,Central capped (2),118.19,21.515,35.325,9.355,42.295,6.74,9.73,23.96,crown_aware,Crown-aware,118.07,21.84,35.34,9.65,42.3,6.525,9.8,23.88,crown_aware_minus_development_oriented,development_oriented,crown_aware,-0.12000000000000455,0.3249999999999993,0.015000000000000568,0.29499999999999993,0.0049999999999954525,-0.21499999999999986,0.07000000000000028,-0.08000000000000185,-0.10153143243929652,1.510574018126885,0.04246284501061732
development_oriented,Development-oriented,fairness_sensitive,Fairness-sensitive,clearinghouse_bargaining,Clearinghouse,119.905,24.92,36.22,10.88,44.2,6.665,9.995,23.275,crown_aware,Crown-aware,118.885,23.87,36.18,11.275,43.935,6.35,9.98,23.07,crown_aware_minus_development_oriented,development_oriented,crown_aware,-1.019999999999996,-1.0500000000000007,-0.03999999999999915,0.3949999999999996,-0.26500000000000057,-0.3150000000000004,-0.014999999999998792,-0.2049999999999983,-0.850673449814433,-4.213483146067419,-0.11043622308116827
development_oriented,Development-oriented,fairness_sensitive,Fairness-sensitive,equity_weighted_central,Equity central,144.605,15.075,52.44,8.395,46.915,5.85,13.41,20.61,crown_aware,Crown-aware,142.87,15.405,52.065,8.58,46.79,5.94,13.165,21.14,crown_aware_minus_development_oriented,development_oriented,crown_aware,-1.7349999999999852,0.33000000000000007,-0.375,0.1850000000000005,-0.125,0.09000000000000075,-0.245000000000001,0.5300000000000011,-1.1998201998547666,2.18905472636816,-0.7151029748283754
development_oriented,Development-oriented,fairness_sensitive,Fairness-sensitive,no_trade,No trade,29.455,10.875,0.0,15.6,21.9,2.715,0.435,15.565,crown_aware,Crown-aware,29.455,10.875,0.0,15.6,21.9,2.715,0.435,15.565,crown_aware_minus_development_oriented,development_oriented,crown_aware,0.0,0.0,0.0,0.0,0.0,0.0,0.0,0.0,0.0,0.0,
development_oriented,Development-oriented,fairness_sensitive,Fairness-sensitive,public_pool,Public pool,136.645,10.59,51.255,4.71,36.5,1.785,14.11,13.98,crown_aware,Crown-aware,136.335,10.735,51.095,4.585,36.375,1.83,14.065,14.03,crown_aware_minus_development_oriented,development_oriented,crown_aware,-0.3100000000000023,0.14499999999999957,-0.1600000000000037,-0.125,-0.125,0.04500000000000015,-0.04499999999999993,0.049999999999998934,-0.22686523473233727,1.3692162417374842,-0.3121646668617768
development_oriented,Development-oriented,fairness_sensitive,Fairness-sensitive,subsidized_catch_up,Subsidized,74.265,15.665,18.19,12.48,35.01,6.945,4.32,18.605,crown_aware,Crown-aware,73.855,15.625,17.96,12.46,34.84,6.905,4.285,18.7,crown_aware_minus_development_oriented,development_oriented,crown_aware,-0.4099999999999966,-0.03999999999999915,-0.23000000000000043,-0.019999999999999574,-0.1699999999999946,-0.040000000000000036,-0.03500000000000014,0.09499999999999886,-0.5520770214771381,-0.25534631343759434,-1.264431006047281
development_oriented,Development-oriented,hoarding,Hoarding,bilateral_trade,Bilateral,90.08,27.76,14.44,13.685,39.115,6.275,6.44,25.125,crown_aware,Crown-aware,89.02,28.01,14.035,13.95,39.07,6.22,6.34,25.41,crown_aware_minus_development_oriented,development_oriented,crown_aware,-1.0600000000000023,0.25,-0.40499999999999936,0.2649999999999988,-0.045000000000001705,-0.055000000000000604,-0.10000000000000053,0.28500000000000014,-1.176731793960926,0.9005763688760806,-2.804709141274234
development_oriented,Development-oriented,hoarding,Hoarding,bilateral_trade_3pass,Bilateral 3-pass,96.06,28.105,15.665,12.815,39.665,6.225,7.2,24.775,crown_aware,Crown-aware,94.265,27.66,15.03,13.065,39.515,6.24,6.985,24.88,crown_aware_minus_development_oriented,development_oriented,crown_aware,-1.7950000000000017,-0.4450000000000003,-0.6349999999999998,0.25,-0.14999999999999858,0.015000000000000568,-0.21499999999999986,0.10500000000000043,-1.8686237768061646,-1.5833481586906255,-4.053622725821895
development_oriented,Development-oriented,hoarding,Hoarding,bottleneck_priority_bilateral_trade,Bottleneck,89.205,27.765,14.31,13.48,38.78,6.37,6.28,25.41,crown_aware,Crown-aware,87.54,27.755,14.065,14.06,38.85,6.285,6.11,25.51,crown_aware_minus_development_oriented,development_oriented,crown_aware,-1.664999999999992,-0.010000000000001563,-0.245000000000001,0.5800000000000001,0.07000000000000028,-0.08499999999999996,-0.16999999999999993,0.10000000000000142,-1.8664873045232802,-0.036016567621111335,-1.7120894479385114
development_oriented,Development-oriented,hoarding,Hoarding,catch_up_bilateral_trade,Catch-up,89.72,27.675,14.55,13.385,38.835,6.375,6.35,25.145,crown_aware,Crown-aware,88.855,27.64,14.235,13.54,38.7,6.31,6.27,25.38,crown_aware_minus_development_oriented,development_oriented,crown_aware,-0.8649999999999949,-0.03500000000000014,-0.3150000000000013,0.15499999999999936,-0.134999999999998,-0.06500000000000039,-0.08000000000000007,0.23499999999999943,-0.9641105662059685,-0.12646793134598064,-2.164948453608256
development_oriented,Development-oriented,hoarding,Hoarding,central_clearing,Central clearing,158.665,17.66,52.065,7.525,49.725,5.82,15.28,18.39,crown_aware,Crown-aware,154.915,18.7,50.835,7.905,49.085,5.75,14.84,19.14,crown_aware_minus_development_oriented,development_oriented,crown_aware,-3.75,1.0399999999999991,-1.2299999999999969,0.3799999999999999,-0.6400000000000006,-0.07000000000000028,-0.4399999999999995,0.75,-2.363470204518955,5.8890147225368015,-2.362431575914716
development_oriented,Development-oriented,hoarding,Hoarding,central_clearing_capped,Central capped (2),126.855,22.085,34.365,8.495,44.045,7.025,10.75,22.865,crown_aware,Crown-aware,125.235,21.775,34.24,8.805,43.715,6.84,10.615,23.415,crown_aware_minus_development_oriented,development_oriented,crown_aware,-1.6200000000000045,-0.3100000000000023,-0.125,0.3100000000000005,-0.3299999999999983,-0.1850000000000005,-0.1349999999999998,0.5500000000000007,-1.2770485987939022,-1.4036676477247103,-0.3637421795431398
development_oriented,Development-oriented,hoarding,Hoarding,clearinghouse_bargaining,Clearinghouse,91.24,27.78,15.28,13.405,39.185,6.345,6.545,25.045,crown_aware,Crown-aware,91.015,27.39,15.2,13.325,39.085,6.365,6.515,25.23,crown_aware_minus_development_oriented,development_oriented,crown_aware,-0.22499999999999432,-0.39000000000000057,-0.08000000000000007,-0.08000000000000007,-0.10000000000000142,0.020000000000000462,-0.03000000000000025,0.18499999999999872,-0.24660236738272065,-1.4038876889848833,-0.5235602094240842
development_oriented,Development-oriented,hoarding,Hoarding,equity_weighted_central,Equity central,156.475,15.755,52.49,7.685,49.615,6.06,14.905,19.3,crown_aware,Crown-aware,153.245,16.17,51.115,7.895,49.135,6.165,14.455,20.145,crown_aware_minus_development_oriented,development_oriented,crown_aware,-3.2299999999999898,0.4150000000000009,-1.375,0.20999999999999996,-0.480000000000004,0.10500000000000043,-0.4499999999999993,0.8449999999999989,-2.064227512382163,2.6340844176451976,-2.6195465803010096
development_oriented,Development-oriented,hoarding,Hoarding,no_trade,No trade,29.455,10.875,0.0,15.6,21.9,2.715,0.435,15.565,crown_aware,Crown-aware,29.455,10.875,0.0,15.6,21.9,2.715,0.435,15.565,crown_aware_minus_development_oriented,development_oriented,crown_aware,0.0,0.0,0.0,0.0,0.0,0.0,0.0,0.0,0.0,0.0,
development_oriented,Development-oriented,hoarding,Hoarding,public_pool,Public pool,29.455,10.875,0.0,15.6,21.9,2.715,0.435,15.565,crown_aware,Crown-aware,29.455,10.875,0.0,15.6,21.9,2.715,0.435,15.565,crown_aware_minus_development_oriented,development_oriented,crown_aware,0.0,0.0,0.0,0.0,0.0,0.0,0.0,0.0,0.0,0.0,
development_oriented,Development-oriented,hoarding,Hoarding,subsidized_catch_up,Subsidized,80.925,16.165,16.67,11.47,36.64,7.59,4.995,17.02,crown_aware,Crown-aware,80.715,16.185,16.495,11.445,36.525,7.56,4.98,17.05,crown_aware_minus_development_oriented,development_oriented,crown_aware,-0.20999999999999375,0.019999999999999574,-0.1750000000000007,-0.025000000000000355,-0.11500000000000199,-0.03000000000000025,-0.01499999999999968,0.030000000000001137,-0.2594995366079626,0.12372409526755072,-1.0497900419916057
development_oriented,Development-oriented,mixed,Mixed,bilateral_trade,Bilateral,103.175,27.23,28.03,12.39,41.65,6.79,7.84,25.455,crown_aware,Crown-aware,102.71,26.96,27.595,12.945,41.875,6.62,7.845,25.245,crown_aware_minus_development_oriented,development_oriented,crown_aware,-0.4650000000000034,-0.2699999999999996,-0.4350000000000023,0.5549999999999997,0.22500000000000142,-0.16999999999999993,0.004999999999999893,-0.2099999999999973,-0.45069057426702536,-0.9915534337128151,-1.5519086692829192
development_oriented,Development-oriented,mixed,Mixed,bilateral_trade_3pass,Bilateral 3-pass,110.93,26.59,34.795,11.515,42.575,6.68,8.85,24.275,crown_aware,Crown-aware,110.615,26.95,34.59,11.415,42.425,6.695,8.81,24.2,crown_aware_minus_development_oriented,development_oriented,crown_aware,-0.31500000000001194,0.35999999999999943,-0.2049999999999983,-0.10000000000000142,-0.15000000000000568,0.015000000000000568,-0.03999999999999915,-0.07499999999999929,-0.283962859460932,1.3538924407672035,-0.5891651099295827
development_oriented,Development-oriented,mixed,Mixed,bottleneck_priority_bilateral_trade,Bottleneck,102.885,27.785,27.675,12.53,41.47,6.565,7.905,24.98,crown_aware,Crown-aware,102.18,27.44,27.43,12.43,41.16,6.54,7.825,25.235,crown_aware_minus_development_oriented,development_oriented,crown_aware,-0.7049999999999983,-0.34499999999999886,-0.245000000000001,-0.09999999999999964,-0.3100000000000023,-0.025000000000000355,-0.08000000000000007,0.254999999999999,-0.6852310832482852,-1.2416771639373723,-0.8852755194218644
development_oriented,Development-oriented,mixed,Mixed,catch_up_bilateral_trade,Catch-up,102.12,29.235,27.675,13.365,41.705,6.27,7.9,25.135,crown_aware,Crown-aware,100.26,29.075,26.995,12.95,41.16,6.53,7.575,25.215,crown_aware_minus_development_oriented,development_oriented,crown_aware,-1.8599999999999994,-0.16000000000000014,-0.6799999999999997,-0.4150000000000009,-0.5450000000000017,0.2600000000000007,-0.3250000000000002,0.0799999999999983,-1.821386603995299,-0.5472892081409275,-2.4570912375790415
development_oriented,Development-oriented,mixed,Mixed,central_clearing,Central clearing,147.225,17.17,52.07,8.525,47.785,5.855,13.775,19.385,crown_aware,Crown-aware,145.565,17.27,51.72,8.525,47.295,5.77,13.615,20.07,crown_aware_minus_development_oriented,development_oriented,crown_aware,-1.6599999999999966,0.09999999999999787,-0.3500000000000014,0.0,-0.4899999999999949,-0.08500000000000085,-0.16000000000000014,0.6849999999999987,-1.127525895737814,0.5824111822946876,-0.6721720760514719
development_oriented,Development-oriented,mixed,Mixed,central_clearing_capped,Central capped (2),120.03,21.715,35.585,9.53,42.62,6.47,10.075,23.62,crown_aware,Crown-aware,119.31,22.105,35.47,9.35,42.36,6.54,9.965,23.815,crown_aware_minus_development_oriented,development_oriented,crown_aware,-0.7199999999999989,0.39000000000000057,-0.11500000000000199,-0.17999999999999972,-0.259999999999998,0.07000000000000028,-0.10999999999999943,0.19500000000000028,-0.5998500374906264,1.795993552843659,-0.32316987494731486
development_oriented,Development-oriented,mixed,Mixed,clearinghouse_bargaining,Clearinghouse,103.14,26.68,28.565,12.275,41.015,6.41,7.96,25.1,crown_aware,Crown-aware,101.87,26.145,28.085,12.965,41.355,6.35,7.845,24.94,crown_aware_minus_development_oriented,development_oriented,crown_aware,-1.269999999999996,-0.5350000000000001,-0.4800000000000004,0.6899999999999995,0.3399999999999963,-0.0600000000000005,-0.11500000000000021,-0.16000000000000014,-1.2313360480899709,-2.0052473763118446,-1.6803780850691419
development_oriented,Development-oriented,mixed,Mixed,equity_weighted_central,Equity central,143.915,14.73,52.235,8.52,47.52,6.355,13.145,20.79,crown_aware,Crown-aware,142.3,14.97,51.78,8.575,47.215,6.385,12.935,21.295,crown_aware_minus_development_oriented,development_oriented,crown_aware,-1.6149999999999807,0.2400000000000002,-0.4549999999999983,0.054999999999999716,-0.3049999999999997,0.02999999999999936,-0.20999999999999908,0.5050000000000026,-1.122190181704465,1.6293279022403273,-0.8710634631951724
development_oriented,Development-oriented,mixed,Mixed,no_trade,No trade,29.395,10.805,0.0,15.63,21.9,2.705,0.43,15.585,crown_aware,Crown-aware,29.43,10.84,0.0,15.625,21.905,2.705,0.435,15.565,crown_aware_minus_development_oriented,development_oriented,crown_aware,0.03500000000000014,0.03500000000000014,0.0,-0.005000000000000782,0.005000000000002558,0.0,0.0050000000000000044,-0.02000000000000135,0.11906786868515103,0.323924109208701,
development_oriented,Development-oriented,mixed,Mixed,public_pool,Public pool,108.62,29.735,39.665,7.995,35.885,4.325,9.62,18.125,crown_aware,Crown-aware,107.955,29.385,39.45,7.925,35.705,4.35,9.54,18.195,crown_aware_minus_development_oriented,development_oriented,crown_aware,-0.6650000000000063,-0.34999999999999787,-0.2149999999999963,-0.07000000000000028,-0.17999999999999972,0.024999999999999467,-0.08000000000000007,0.07000000000000028,-0.6122261093721287,-1.1770640659155804,-0.5420395814950115
development_oriented,Development-oriented,mixed,Mixed,subsidized_catch_up,Subsidized,75.355,15.685,18.025,12.12,35.29,7.23,4.355,18.54,crown_aware,Crown-aware,74.99,15.635,17.82,12.065,35.105,7.195,4.325,18.61,crown_aware_minus_development_oriented,development_oriented,crown_aware,-0.3650000000000091,-0.05000000000000071,-0.2049999999999983,-0.054999999999999716,-0.18500000000000227,-0.03500000000000014,-0.03000000000000025,0.07000000000000028,-0.4843739632406729,-0.31877590054192356,-1.137309292649089
development_oriented,Development-oriented,need_based,Need-based,bilateral_trade,Bilateral,126.145,26.68,34.235,10.79,45.58,6.575,10.82,22.795,crown_aware,Crown-aware,126.555,26.965,34.31,10.78,45.6,6.5,10.91,22.615,crown_aware_minus_development_oriented,development_oriented,crown_aware,0.4100000000000108,0.28500000000000014,0.07500000000000284,-0.009999999999999787,0.020000000000003126,-0.07500000000000018,0.08999999999999986,-0.18000000000000327,0.3250227912323206,1.0682158920539735,0.21907404702790373
development_oriented,Development-oriented,need_based,Need-based,bilateral_trade_3pass,Bilateral 3-pass,139.685,27.01,41.625,10.175,47.835,6.075,12.755,20.655,crown_aware,Crown-aware,140.195,26.835,41.61,9.89,47.74,6.125,12.8,20.73,crown_aware_minus_development_oriented,development_oriented,crown_aware,0.5099999999999909,-0.1750000000000007,-0.015000000000000568,-0.28500000000000014,-0.09499999999999886,0.04999999999999982,0.04499999999999993,0.07499999999999929,0.36510720549807846,-0.6479081821547601,-0.0360360360360374
development_oriented,Development-oriented,need_based,Need-based,bottleneck_priority_bilateral_trade,Bottleneck,129.55,28.08,34.73,10.74,46.19,6.41,11.315,22.085,crown_aware,Crown-aware,129.655,27.995,34.96,10.75,46.19,6.385,11.335,22.105,crown_aware_minus_development_oriented,development_oriented,crown_aware,0.10499999999998977,-0.0849999999999973,0.23000000000000398,0.009999999999999787,0.0,-0.025000000000000355,0.02000000000000135,0.019999999999999574,0.08104978772673853,-0.3027065527065431,0.6622516556291506
development_oriented,Development-oriented,need_based,Need-based,catch_up_bilateral_trade,Catch-up,127.045,28.65,34.7,10.77,45.45,6.27,11.07,22.11,crown_aware,Crown-aware,126.685,28.62,34.88,10.94,45.53,6.28,11.015,22.305,crown_aware_minus_development_oriented,development_oriented,crown_aware,-0.35999999999999943,-0.029999999999997584,0.17999999999999972,0.16999999999999993,0.0799999999999983,0.010000000000000675,-0.054999999999999716,0.19500000000000028,-0.28336416230469474,-0.10471204188480833,0.5187319884726216
development_oriented,Development-oriented,need_based,Need-based,central_clearing,Central clearing,159.32,18.215,52.925,7.83,49.75,5.44,15.52,18.135,crown_aware,Crown-aware,159.32,18.215,52.925,7.83,49.75,5.44,15.52,18.135,crown_aware_minus_development_oriented,development_oriented,crown_aware,0.0,0.0,0.0,0.0,0.0,0.0,0.0,0.0,0.0,0.0,0.0
development_oriented,Development-oriented,need_based,Need-based,central_clearing_capped,Central capped (2),125.955,22.42,34.465,8.98,43.88,6.7,10.75,23.005,crown_aware,Crown-aware,125.955,22.42,34.465,8.98,43.88,6.7,10.75,23.005,crown_aware_minus_development_oriented,development_oriented,crown_aware,0.0,0.0,0.0,0.0,0.0,0.0,0.0,0.0,0.0,0.0,0.0
development_oriented,Development-oriented,need_based,Need-based,clearinghouse_bargaining,Clearinghouse,128.67,27.415,35.64,10.435,45.425,6.18,11.315,21.94,crown_aware,Crown-aware,128.2,27.105,35.725,10.52,45.41,6.195,11.25,21.935,crown_aware_minus_development_oriented,development_oriented,crown_aware,-0.46999999999999886,-0.3099999999999987,0.08500000000000085,0.08499999999999908,-0.015000000000000568,0.015000000000000568,-0.0649999999999995,-0.005000000000002558,-0.3652755109971236,-1.1307678278314746,0.23849607182940755
development_oriented,Development-oriented,need_based,Need-based,equity_weighted_central,Equity central,157.21,15.52,52.915,7.885,49.775,5.875,15.07,19.155,crown_aware,Crown-aware,157.21,15.52,52.915,7.885,49.775,5.875,15.07,19.155,crown_aware_minus_development_oriented,development_oriented,crown_aware,0.0,0.0,0.0,0.0,0.0,0.0,0.0,0.0,0.0,0.0,0.0
development_oriented,Development-oriented,need_based,Need-based,no_trade,No trade,29.455,10.875,0.0,15.6,21.9,2.715,0.435,15.565,crown_aware,Crown-aware,29.455,10.875,0.0,15.6,21.9,2.715,0.435,15.565,crown_aware_minus_development_oriented,development_oriented,crown_aware,0.0,0.0,0.0,0.0,0.0,0.0,0.0,0.0,0.0,0.0,
development_oriented,Development-oriented,need_based,Need-based,public_pool,Public pool,146.06,10.54,49.89,5.135,39.915,1.75,15.64,11.325,crown_aware,Crown-aware,146.06,10.54,49.89,5.135,39.915,1.75,15.64,11.325,crown_aware_minus_development_oriented,development_oriented,crown_aware,0.0,0.0,0.0,0.0,0.0,0.0,0.0,0.0,0.0,0.0,0.0
development_oriented,Development-oriented,need_based,Need-based,subsidized_catch_up,Subsidized,79.775,16.195,16.28,12.1,36.7,7.345,4.955,16.725,crown_aware,Crown-aware,79.775,16.195,16.28,12.1,36.7,7.345,4.955,16.725,crown_aware_minus_development_oriented,development_oriented,crown_aware,0.0,0.0,0.0,0.0,0.0,0.0,0.0,0.0,0.0,0.0,0.0
development_oriented,Development-oriented,selfish,Selfish,bilateral_trade,Bilateral,97.115,26.585,24.665,12.5,40.31,6.88,7.025,26.335,crown_aware,Crown-aware,97.275,27.0,24.87,12.355,40.285,6.945,7.02,26.655,crown_aware_minus_development_oriented,development_oriented,crown_aware,0.1600000000000108,0.41499999999999915,0.20500000000000185,-0.14499999999999957,-0.025000000000005684,0.06500000000000039,-0.005000000000000782,0.3200000000000003,0.16475312773517048,1.5610306563851764,0.8311372390026428
development_oriented,Development-oriented,selfish,Selfish,bilateral_trade_3pass,Bilateral 3-pass,104.555,26.99,28.785,12.22,42.07,7.02,7.905,26.19,crown_aware,Crown-aware,100.405,27.56,28.68,12.9,41.57,6.905,7.43,26.33,crown_aware_minus_development_oriented,development_oriented,crown_aware,-4.150000000000006,0.5700000000000003,-0.10500000000000043,0.6799999999999997,-0.5,-0.11499999999999932,-0.47500000000000053,0.13999999999999702,-3.969202811917178,2.1118932938125243,-0.36477331943720837
development_oriented,Development-oriented,selfish,Selfish,bottleneck_priority_bilateral_trade,Bottleneck,100.145,26.85,25.01,12.71,40.91,6.61,7.49,26.2,crown_aware,Crown-aware,97.955,26.79,24.315,12.705,40.475,6.68,7.205,26.25,crown_aware_minus_development_oriented,development_oriented,crown_aware,-2.1899999999999977,-0.060000000000002274,-0.6950000000000003,-0.005000000000000782,-0.43499999999999517,0.0699999999999994,-0.28500000000000014,0.05000000000000071,-2.186829097808176,-0.22346368715084644,-2.7788884446221522
development_oriented,Development-oriented,selfish,Selfish,catch_up_bilateral_trade,Catch-up,99.115,27.16,24.755,12.935,41.075,6.74,7.33,26.27,crown_aware,Crown-aware,97.155,27.775,24.21,12.94,40.57,6.695,7.12,26.32,crown_aware_minus_development_oriented,development_oriented,crown_aware,-1.9599999999999937,0.6149999999999984,-0.5449999999999982,0.004999999999999005,-0.5050000000000026,-0.04499999999999993,-0.20999999999999996,0.05000000000000071,-1.977500882812888,2.264359351988212,-2.2015754393051834
development_oriented,Development-oriented,selfish,Selfish,central_clearing,Central clearing,144.97,17.185,51.86,8.605,47.175,5.845,13.44,20.155,crown_aware,Crown-aware,143.635,18.3,51.295,8.65,46.85,5.73,13.37,20.315,crown_aware_minus_development_oriented,development_oriented,crown_aware,-1.335000000000008,1.115000000000002,-0.5649999999999977,0.04499999999999993,-0.32499999999999574,-0.11499999999999932,-0.07000000000000028,0.16000000000000014,-0.9208801821066482,6.488216467849881,-1.0894716544542957
development_oriented,Development-oriented,selfish,Selfish,central_clearing_capped,Central capped (2),118.605,21.855,35.405,9.255,42.275,6.735,9.775,24.205,crown_aware,Crown-aware,118.765,22.26,35.235,9.18,42.25,6.69,9.845,23.95,crown_aware_minus_development_oriented,development_oriented,crown_aware,0.1599999999999966,0.40500000000000114,-0.1700000000000017,-0.07500000000000107,-0.02499999999999858,-0.04499999999999993,0.07000000000000028,-0.254999999999999,0.13490156401500492,1.8531228551818857,-0.4801581697500401
development_oriented,Development-oriented,selfish,Selfish,clearinghouse_bargaining,Clearinghouse,99.57,26.83,26.27,11.625,40.305,7.09,7.25,26.07,crown_aware,Crown-aware,98.65,28.225,26.25,12.465,40.555,6.765,7.28,26.02,crown_aware_minus_development_oriented,development_oriented,crown_aware,-0.9199999999999875,1.3950000000000031,-0.019999999999999574,0.8399999999999999,0.25,-0.3250000000000002,0.03000000000000025,-0.05000000000000071,-0.9239730842623155,5.199403652627668,-0.07613247049866606
development_oriented,Development-oriented,selfish,Selfish,equity_weighted_central,Equity central,140.69,14.8,52.43,9.105,47.155,6.315,12.71,21.67,crown_aware,Crown-aware,139.365,15.345,51.61,8.985,46.885,6.375,12.575,21.49,crown_aware_minus_development_oriented,development_oriented,crown_aware,-1.3249999999999886,0.5449999999999999,-0.8200000000000003,-0.120000000000001,-0.2700000000000031,0.05999999999999961,-0.13500000000000156,-0.18000000000000327,-0.9417869073850229,3.6824324324324316,-1.5639900820141146
development_oriented,Development-oriented,selfish,Selfish,no_trade,No trade,29.36,10.785,0.0,15.635,21.895,2.705,0.425,15.595,crown_aware,Crown-aware,29.43,10.84,0.0,15.625,21.905,2.705,0.435,15.565,crown_aware_minus_development_oriented,development_oriented,crown_aware,0.07000000000000028,0.054999999999999716,0.0,-0.009999999999999787,0.010000000000001563,0.0,0.010000000000000009,-0.030000000000001137,0.23841961852861132,0.5099675475197006,
development_oriented,Development-oriented,selfish,Selfish,public_pool,Public pool,138.35,10.13,52.9,5.47,37.57,1.745,14.305,15.7,crown_aware,Crown-aware,139.085,10.905,52.73,5.245,37.775,1.825,14.44,14.985,crown_aware_minus_development_oriented,development_oriented,crown_aware,0.7350000000000136,0.7749999999999986,-0.1700000000000017,-0.22499999999999964,0.2049999999999983,0.07999999999999985,0.1349999999999998,-0.7149999999999999,0.5312612938200316,7.650542941757142,-0.32136105860113745
development_oriented,Development-oriented,selfish,Selfish,subsidized_catch_up,Subsidized,73.605,15.36,18.475,12.095,34.475,6.99,4.2,18.89,crown_aware,Crown-aware,73.53,15.42,18.205,11.92,34.29,6.98,4.205,18.935,crown_aware_minus_development_oriented,development_oriented,crown_aware,-0.07500000000000284,0.0600000000000005,-0.2700000000000031,-0.1750000000000007,-0.18500000000000227,-0.009999999999999787,0.004999999999999893,0.04499999999999815,-0.10189525168127551,0.3906250000000033,-1.4614343707713293
