scenario,scenario_label,round,mean_capacity_before,mean_capacity_after,mean_capacity_cost
cooperative,Cooperative,0,8.0,5.1,3.9
cooperative,Cooperative,1,5.1,3.21,2.89
cooperative,Cooperative,2,3.21,1.99,2.22
cooperative,Cooperative,3,1.99,2.43,0.56
cooperative,Cooperative,4,2.43,2.74,0.69
cooperative,Cooperative,5,2.74,3.14,0.6
cooperative,Cooperative,6,3.14,3.71,0.43
cooperative,Cooperative,7,3.71,4.16,0.55
cooperative,Cooperative,8,4.16,3.94,1.22
cooperative,Cooperative,9,3.94,3.67,1.27
cooperative,Cooperative,10,3.67,3.59,1.08
cooperative,Cooperative,11,3.59,3.43,1.16
cooperative,Cooperative,12,3.43,3.57,0.86
cooperative,Cooperative,13,3.57,3.45,1.12
cooperative,Cooperative,14,3.45,3.37,1.08
cooperative,Cooperative,15,3.37,3.44,0.92
cooperative,Cooperative,16,3.44,3.5,0.93
cooperative,Cooperative,17,3.5,3.6,0.89
cooperative,Cooperative,18,3.6,3.52,1.08
cooperative,Cooperative,19,3.52,3.58,0.93
cooperative_to_hoarding,Cooperative → hoarding,0,8.0,5.1,3.9
cooperative_to_hoarding,Cooperative → hoarding,1,5.1,3.21,2.89
cooperative_to_hoarding,Cooperative → hoarding,2,3.21,1.99,2.22
cooperative_to_hoarding,Cooperative → hoarding,3,1.99,2.43,0.56
cooperative_to_hoarding,Cooperative → hoarding,4,2.43,2.74,0.69
cooperative_to_hoarding,Cooperative → hoarding,5,2.74,3.14,0.6
cooperative_to_hoarding,Cooperative → hoarding,6,3.14,3.71,0.43
cooperative_to_hoarding,Cooperative → hoarding,7,3.71,4.16,0.55
cooperative_to_hoarding,Cooperative → hoarding,8,4.16,3.94,1.22
cooperative_to_hoarding,Cooperative → hoarding,9,3.94,3.67,1.27
cooperative_to_hoarding,Cooperative → hoarding,10,3.67,3.42,1.25
cooperative_to_hoarding,Cooperative → hoarding,11,3.42,3.3,1.12
cooperative_to_hoarding,Cooperative → hoarding,12,3.3,3.3,0.99
cooperative_to_hoarding,Cooperative → hoarding,13,3.3,3.2,1.09
cooperative_to_hoarding,Cooperative → hoarding,14,3.2,2.92,1.28
cooperative_to_hoarding,Cooperative → hoarding,15,2.92,3.07,0.85
cooperative_to_hoarding,Cooperative → hoarding,16,3.07,3.07,1.0
cooperative_to_hoarding,Cooperative → hoarding,17,3.07,2.89,1.18
cooperative_to_hoarding,Cooperative → hoarding,18,2.89,3.11,0.78
cooperative_to_hoarding,Cooperative → hoarding,19,3.11,2.89,1.22
hoarding,Hoarding,0,8.0,6.19,2.81
hoarding,Hoarding,1,6.19,3.48,3.71
hoarding,Hoarding,2,3.48,3.51,0.97
hoarding,Hoarding,3,3.51,3.4,1.11
hoarding,Hoarding,4,3.4,3.31,1.09
hoarding,Hoarding,5,3.31,2.75,1.56
hoarding,Hoarding,6,2.75,2.55,1.2
hoarding,Hoarding,7,2.55,2.85,0.7
hoarding,Hoarding,8,2.85,3.26,0.59
hoarding,Hoarding,9,3.26,3.45,0.81
hoarding,Hoarding,10,3.45,3.11,1.34
hoarding,Hoarding,11,3.11,3.0,1.11
hoarding,Hoarding,12,3.0,2.9,1.1
hoarding,Hoarding,13,2.9,2.59,1.31
hoarding,Hoarding,14,2.59,2.83,0.76
hoarding,Hoarding,15,2.83,3.08,0.75
hoarding,Hoarding,16,3.08,3.09,0.99
hoarding,Hoarding,17,3.09,3.21,0.88
hoarding,Hoarding,18,3.21,3.03,1.18
hoarding,Hoarding,19,3.03,2.73,1.3
mixed,Mixed,0,8.0,5.47,3.53
mixed,Mixed,1,5.47,2.82,3.65
mixed,Mixed,2,2.82,2.64,1.18
mixed,Mixed,3,2.64,2.63,1.01
mixed,Mixed,4,2.63,3.05,0.58
mixed,Mixed,5,3.05,2.8,1.25
mixed,Mixed,6,2.8,2.92,0.88
mixed,Mixed,7,2.92,2.9,1.02
mixed,Mixed,8,2.9,3.44,0.46
mixed,Mixed,9,3.44,3.74,0.7
mixed,Mixed,10,3.74,3.4,1.34
mixed,Mixed,11,3.4,3.3,1.1
mixed,Mixed,12,3.3,3.36,0.94
mixed,Mixed,13,3.36,3.12,1.24
mixed,Mixed,14,3.12,3.17,0.95
mixed,Mixed,15,3.17,3.62,0.55
mixed,Mixed,16,3.62,3.58,1.04
mixed,Mixed,17,3.58,3.45,1.13
mixed,Mixed,18,3.45,3.38,1.07
mixed,Mixed,19,3.38,3.35,1.03
need_based,Need-based,0,8.0,5.05,3.95
need_based,Need-based,1,5.05,3.21,2.84
need_based,Need-based,2,3.21,2.46,1.75
need_based,Need-based,3,2.46,2.66,0.8
need_based,Need-based,4,2.66,3.06,0.6
need_based,Need-based,5,3.06,3.13,0.93
need_based,Need-based,6,3.13,3.5,0.63
need_based,Need-based,7,3.5,3.9,0.6
need_based,Need-based,8,3.9,3.74,1.16
need_based,Need-based,9,3.74,3.78,0.96
need_based,Need-based,10,3.78,3.51,1.27
need_based,Need-based,11,3.51,3.17,1.34
need_based,Need-based,12,3.17,3.51,0.66
need_based,Need-based,13,3.51,3.72,0.79
need_based,Need-based,14,3.72,3.48,1.24
need_based,Need-based,15,3.48,3.56,0.92
need_based,Need-based,16,3.56,3.54,1.02
need_based,Need-based,17,3.54,3.29,1.25
need_based,Need-based,18,3.29,3.44,0.85
need_based,Need-based,19,3.44,3.49,0.95
need_based_to_competitive,Need-based → competitive,0,8.0,5.05,3.95
need_based_to_competitive,Need-based → competitive,1,5.05,3.21,2.84
need_based_to_competitive,Need-based → competitive,2,3.21,2.46,1.75
need_based_to_competitive,Need-based → competitive,3,2.46,2.66,0.8
need_based_to_competitive,Need-based → competitive,4,2.66,3.06,0.6
need_based_to_competitive,Need-based → competitive,5,3.06,3.13,0.93
need_based_to_competitive,Need-based → competitive,6,3.13,3.5,0.63
need_based_to_competitive,Need-based → competitive,7,3.5,3.9,0.6
need_based_to_competitive,Need-based → competitive,8,3.9,3.74,1.16
need_based_to_competitive,Need-based → competitive,9,3.74,3.78,0.96
need_based_to_competitive,Need-based → competitive,10,3.78,3.34,1.44
need_based_to_competitive,Need-based → competitive,11,3.34,3.14,1.2
need_based_to_competitive,Need-based → competitive,12,3.14,3.23,0.91
need_based_to_competitive,Need-based → competitive,13,3.23,3.09,1.14
need_based_to_competitive,Need-based → competitive,14,3.09,3.17,0.92
need_based_to_competitive,Need-based → competitive,15,3.17,3.33,0.84
need_based_to_competitive,Need-based → competitive,16,3.33,3.3,1.03
need_based_to_competitive,Need-based → competitive,17,3.3,3.08,1.22
need_based_to_competitive,Need-based → competitive,18,3.08,3.19,0.89
need_based_to_competitive,Need-based → competitive,19,3.19,3.19,1.0
