baseline_policy,scenario,metric,n_pairs,target_policy,mean_learned_minus_baseline,mean_target_minus_baseline,ci95_low,ci95_high,seed_clustered_ci95_low,seed_clustered_ci95_high,share_target_higher,share_learned_higher
frequency_informed_random,ALL,final_total_score,600,learned_q,-0.9183333333333333,-0.9183333333333333,-3.0772916666666665,1.066791666666666,-3.265041666666667,1.425,0.49,0.49
frequency_informed_random,ALL,final_mean_score,600,learned_q,-0.1836666666666667,-0.1836666666666667,-0.59815,0.22539999999999957,-0.6413500000000001,0.2663416666666664,0.49,0.49
frequency_informed_random,ALL,final_min_score,600,learned_q,0.02,0.02,-0.49341666666666667,0.5134583333333326,-0.595,0.615,0.42,0.42
frequency_informed_random,ALL,bottom_two_mean_score,600,learned_q,0.058333333333333334,0.058333333333333334,-0.40341666666666665,0.5067499999999996,-0.4866666666666667,0.6041666666666666,0.47833333333333333,0.47833333333333333
frequency_informed_random,ALL,final_score_gap,600,learned_q,-0.6966666666666667,-0.6966666666666667,-1.5366666666666666,0.14504166666666643,-1.7850416666666666,0.4133749999999994,0.46,0.46
frequency_informed_random,ALL,gini_score,600,learned_q,-0.006930301712647949,-0.006930301712647949,-0.014119499183680327,0.0007973987977026805,-0.01668350226451991,0.0028075617985029422,0.485,0.485
frequency_informed_random,ALL,final_welfare,600,learned_q,-0.13274999999999998,-0.13274999999999998,-0.5251937499999997,0.2938395833333333,-0.59718125,0.3243499999999998,0.49,0.49
frequency_informed_random,ALL,cumulative_capacity_cost,600,learned_q,4.263333333333334,4.263333333333334,3.944958333333333,4.583333333333333,3.5616666666666665,4.988333333333333,0.8183333333333334,0.8183333333333334
frequency_informed_random,need_based,final_total_score,100,learned_q,-2.99,-2.99,-8.3705,2.2402499999999987,-8.3705,2.2402499999999987,0.46,0.46
frequency_informed_random,need_based,final_mean_score,100,learned_q,-0.5979999999999999,-0.5979999999999999,-1.6842000000000001,0.44999999999999984,-1.6842000000000001,0.44999999999999984,0.46,0.46
frequency_informed_random,need_based,final_min_score,100,learned_q,0.0,0.0,-1.53025,1.5402499999999986,-1.53025,1.5402499999999986,0.46,0.46
frequency_informed_random,need_based,bottom_two_mean_score,100,learned_q,-0.235,-0.235,-1.5251249999999998,0.935,-1.5251249999999998,0.935,0.47,0.47
frequency_informed_random,need_based,final_score_gap,100,learned_q,-1.32,-1.32,-3.64,0.91,-3.64,0.91,0.39,0.39
frequency_informed_random,need_based,gini_score,100,learned_q,-0.0038332232524063282,-0.0038332232524063282,-0.01951768558133892,0.011694023124917161,-0.01951768558133892,0.011694023124917161,0.46,0.46
frequency_informed_random,need_based,final_welfare,100,learned_q,-0.4485000000000003,-0.4485000000000003,-1.525725,0.6035249999999965,-1.525725,0.6035249999999965,0.47,0.47
frequency_informed_random,need_based,cumulative_capacity_cost,100,learned_q,3.58,3.58,2.86,4.290249999999999,2.86,4.290249999999999,0.77,0.77
frequency_informed_random,cooperative,final_total_score,100,learned_q,-1.41,-1.41,-7.04075,3.6709999999999945,-7.04075,3.6709999999999945,0.45,0.45
frequency_informed_random,cooperative,final_mean_score,100,learned_q,-0.2820000000000001,-0.2820000000000001,-1.3382,0.75205,-1.3382,0.75205,0.45,0.45
frequency_informed_random,cooperative,final_min_score,100,learned_q,0.07,0.07,-1.3605,1.46,-1.3605,1.46,0.41,0.41
frequency_informed_random,cooperative,bottom_two_mean_score,100,learned_q,-0.19,-0.19,-1.445,1.0752499999999985,-1.445,1.0752499999999985,0.46,0.46
frequency_informed_random,cooperative,final_score_gap,100,learned_q,-0.19,-0.19,-2.33025,1.72,-2.33025,1.72,0.47,0.47
frequency_informed_random,cooperative,gini_score,100,learned_q,-7.187828072820146e-05,-7.187828072820146e-05,-0.017242371776802216,0.016336726426682772,-0.017242371776802216,0.016336726426682772,0.51,0.51
frequency_informed_random,cooperative,final_welfare,100,learned_q,-0.19400000000000012,-0.19400000000000012,-1.3045750000000012,0.8290124999999999,-1.3045750000000012,0.8290124999999999,0.44,0.44
frequency_informed_random,cooperative,cumulative_capacity_cost,100,learned_q,3.37,3.37,2.63,4.13,2.63,4.13,0.73,0.73
frequency_informed_random,hoarding,final_total_score,100,learned_q,-1.16,-1.16,-5.87075,3.72,-5.87075,3.72,0.51,0.51
frequency_informed_random,hoarding,final_mean_score,100,learned_q,-0.23200000000000004,-0.23200000000000004,-1.1683500000000002,0.69,-1.1683500000000002,0.69,0.51,0.51
frequency_informed_random,hoarding,final_min_score,100,learned_q,0.17,0.17,-0.8402499999999999,1.17,-0.8402499999999999,1.17,0.39,0.39
frequency_informed_random,hoarding,bottom_two_mean_score,100,learned_q,0.05,0.05,-0.9301250000000001,1.01,-0.9301250000000001,1.01,0.48,0.48
frequency_informed_random,hoarding,final_score_gap,100,learned_q,-0.88,-0.88,-3.0,1.1902499999999985,-3.0,1.1902499999999985,0.52,0.52
frequency_informed_random,hoarding,gini_score,100,learned_q,-0.011518358495253803,-0.011518358495253803,-0.031085279821857468,0.008868609234217003,-0.031085279821857468,0.008868609234217003,0.52,0.52
frequency_informed_random,hoarding,final_welfare,100,learned_q,-0.13150000000000006,-0.13150000000000006,-1.0266125000000006,0.6886874999999991,-1.0266125000000006,0.6886874999999991,0.48,0.48
frequency_informed_random,hoarding,cumulative_capacity_cost,100,learned_q,5.41,5.41,4.639749999999999,6.25,4.639749999999999,6.25,0.87,0.87
frequency_informed_random,mixed,final_total_score,100,learned_q,0.42,0.42,-4.9502500000000005,6.150249999999999,-4.9502500000000005,6.150249999999999,0.46,0.46
frequency_informed_random,mixed,final_mean_score,100,learned_q,0.08400000000000013,0.08400000000000013,-0.9882500000000001,1.0860999999999998,-0.9882500000000001,1.0860999999999998,0.46,0.46
frequency_informed_random,mixed,final_min_score,100,learned_q,0.26,0.26,-0.93025,1.5302499999999986,-0.93025,1.5302499999999986,0.43,0.43
frequency_informed_random,mixed,bottom_two_mean_score,100,learned_q,0.61,0.61,-0.565,1.8201249999999993,-0.565,1.8201249999999993,0.48,0.48
frequency_informed_random,mixed,final_score_gap,100,learned_q,-1.07,-1.07,-2.94025,0.9002499999999987,-2.94025,0.9002499999999987,0.43,0.43
frequency_informed_random,mixed,gini_score,100,learned_q,-0.018436924697509283,-0.018436924697509283,-0.0411624675948367,0.0029813776656637857,-0.0411624675948367,0.0029813776656637857,0.46,0.46
frequency_informed_random,mixed,final_welfare,100,learned_q,0.1280000000000001,0.1280000000000001,-0.8816500000000002,1.2015,-0.8816500000000002,1.2015,0.5,0.5
frequency_informed_random,mixed,cumulative_capacity_cost,100,learned_q,3.87,3.87,3.15,4.570249999999999,3.15,4.570249999999999,0.79,0.79
frequency_informed_random,need_based_to_competitive,final_total_score,100,learned_q,-0.2,-0.2,-5.031000000000001,4.760249999999998,-5.031000000000001,4.760249999999998,0.57,0.57
frequency_informed_random,need_based_to_competitive,final_mean_score,100,learned_q,-0.03999999999999977,-0.03999999999999977,-0.9919999999999995,0.9241999999999989,-0.9919999999999995,0.9241999999999989,0.57,0.57
frequency_informed_random,need_based_to_competitive,final_min_score,100,learned_q,-0.14,-0.14,-1.31,0.96,-1.31,0.96,0.46,0.46
frequency_informed_random,need_based_to_competitive,bottom_two_mean_score,100,learned_q,0.095,0.095,-0.88525,1.0951249999999992,-0.88525,1.0951249999999992,0.5,0.5
frequency_informed_random,need_based_to_competitive,final_score_gap,100,learned_q,-0.05,-0.05,-2.18075,1.9802499999999985,-2.18075,1.9802499999999985,0.47,0.47
frequency_informed_random,need_based_to_competitive,gini_score,100,learned_q,-0.002713294047675736,-0.002713294047675736,-0.017982996187287912,0.013598219370664065,-0.017982996187287912,0.013598219370664065,0.47,0.47
frequency_informed_random,need_based_to_competitive,final_welfare,100,learned_q,-0.06499999999999989,-0.06499999999999989,-0.9940999999999993,0.8475375000000003,-0.9940999999999993,0.8475375000000003,0.56,0.56
frequency_informed_random,need_based_to_competitive,cumulative_capacity_cost,100,learned_q,4.7,4.7,3.95975,5.440249999999999,3.95975,5.440249999999999,0.89,0.89
frequency_informed_random,cooperative_to_hoarding,final_total_score,100,learned_q,-0.17,-0.17,-5.190250000000001,5.04,-5.190250000000001,5.04,0.49,0.49
frequency_informed_random,cooperative_to_hoarding,final_mean_score,100,learned_q,-0.03399999999999993,-0.03399999999999993,-1.0164,0.9361999999999991,-1.0164,0.9361999999999991,0.49,0.49
frequency_informed_random,cooperative_to_hoarding,final_min_score,100,learned_q,-0.24,-0.24,-1.3605,0.81,-1.3605,0.81,0.37,0.37
frequency_informed_random,cooperative_to_hoarding,bottom_two_mean_score,100,learned_q,0.02,0.02,-0.980125,1.04,-0.980125,1.04,0.48,0.48
frequency_informed_random,cooperative_to_hoarding,final_score_gap,100,learned_q,-0.67,-0.67,-2.62025,1.17,-2.62025,1.17,0.48,0.48
frequency_informed_random,cooperative_to_hoarding,gini_score,100,learned_q,-0.005008131502314345,-0.005008131502314345,-0.022610622273991028,0.014368445932930634,-0.022610622273991028,0.014368445932930634,0.49,0.49
frequency_informed_random,cooperative_to_hoarding,final_welfare,100,learned_q,-0.08549999999999977,-0.08549999999999977,-1.0275249999999998,0.8785999999999999,-1.0275249999999998,0.8785999999999999,0.49,0.49
frequency_informed_random,cooperative_to_hoarding,cumulative_capacity_cost,100,learned_q,4.65,4.65,3.83975,5.49,3.83975,5.49,0.86,0.86
permanent_bilateral_3pass,ALL,final_total_score,600,learned_q,2.475,2.475,0.3911666666666667,4.491749999999999,0.04487500000000011,4.863375,0.54,0.54
permanent_bilateral_3pass,ALL,final_mean_score,600,learned_q,0.4950000000000001,0.4950000000000001,0.07992500000000012,0.9217416666666662,0.018991666666666695,0.9703333333333333,0.54,0.54
permanent_bilateral_3pass,ALL,final_min_score,600,learned_q,1.5733333333333333,1.5733333333333333,1.076625,2.08,0.9599583333333334,2.170041666666666,0.545,0.545
permanent_bilateral_3pass,ALL,bottom_two_mean_score,600,learned_q,1.2816666666666667,1.2816666666666667,0.8258333333333333,1.7326874999999988,0.7408333333333333,1.8100208333333332,0.5783333333333334,0.5783333333333334
permanent_bilateral_3pass,ALL,final_score_gap,600,learned_q,-2.6283333333333334,-2.6283333333333334,-3.5034583333333336,-1.715,-3.74675,-1.5232916666666674,0.3883333333333333,0.3883333333333333
permanent_bilateral_3pass,ALL,gini_score,600,learned_q,-0.029409427054139528,-0.029409427054139528,-0.037472613305873335,-0.02165046796796123,-0.03914435960345207,-0.019731490217640976,0.375,0.375
permanent_bilateral_3pass,ALL,final_welfare,600,learned_q,0.7645833333333335,0.7645833333333335,0.37458333333333343,1.1789374999999995,0.30323125000000006,1.2184291666666667,0.5783333333333334,0.5783333333333334
permanent_bilateral_3pass,ALL,cumulative_capacity_cost,600,learned_q,24.785,24.785,24.68166666666667,24.893333333333334,24.668333333333333,24.903333333333332,1.0,1.0
permanent_bilateral_3pass,need_based,final_total_score,100,learned_q,-2.81,-2.81,-8.25,2.650749999999996,-8.25,2.650749999999996,0.47,0.47
permanent_bilateral_3pass,need_based,final_mean_score,100,learned_q,-0.562,-0.562,-1.67065,0.5819999999999997,-1.67065,0.5819999999999997,0.47,0.47
permanent_bilateral_3pass,need_based,final_min_score,100,learned_q,1.4,1.4,-0.13024999999999998,2.870499999999997,-0.13024999999999998,2.870499999999997,0.59,0.59
permanent_bilateral_3pass,need_based,bottom_two_mean_score,100,learned_q,0.805,0.805,-0.53,2.1452499999999985,-0.53,2.1452499999999985,0.56,0.56
permanent_bilateral_3pass,need_based,final_score_gap,100,learned_q,-3.39,-3.39,-5.66,-1.1495000000000026,-5.66,-1.1495000000000026,0.33,0.33
permanent_bilateral_3pass,need_based,gini_score,100,learned_q,-0.01977866895795438,-0.01977866895795438,-0.03739076885411072,-0.0023956505844033096,-0.03739076885411072,-0.0023956505844033096,0.38,0.38
permanent_bilateral_3pass,need_based,final_welfare,100,learned_q,-0.0715000000000002,-0.0715000000000002,-1.2489999999999997,1.1070999999999989,-1.2489999999999997,1.1070999999999989,0.49,0.49
permanent_bilateral_3pass,need_based,cumulative_capacity_cost,100,learned_q,24.51,24.51,24.24,24.75,24.24,24.75,1.0,1.0
permanent_bilateral_3pass,cooperative,final_total_score,100,learned_q,-1.77,-1.77,-6.4815000000000005,3.26,-6.4815000000000005,3.26,0.5,0.5
permanent_bilateral_3pass,cooperative,final_mean_score,100,learned_q,-0.35399999999999976,-0.35399999999999976,-1.3440499999999997,0.6101999999999987,-1.3440499999999997,0.6101999999999987,0.5,0.5
permanent_bilateral_3pass,cooperative,final_min_score,100,learned_q,1.27,1.27,-0.13024999999999998,2.6602499999999987,-0.13024999999999998,2.6602499999999987,0.52,0.52
permanent_bilateral_3pass,cooperative,bottom_two_mean_score,100,learned_q,0.445,0.445,-0.745,1.5651249999999992,-0.745,1.5651249999999992,0.52,0.52
permanent_bilateral_3pass,cooperative,final_score_gap,100,learned_q,-3.11,-3.11,-5.22075,-1.0,-5.22075,-1.0,0.38,0.38
permanent_bilateral_3pass,cooperative,gini_score,100,learned_q,-0.021623382964376648,-0.021623382964376648,-0.03893767893136085,-0.0035570370940789294,-0.03893767893136085,-0.0035570370940789294,0.41,0.41
permanent_bilateral_3pass,cooperative,final_welfare,100,learned_q,0.052000000000000296,0.052000000000000296,-0.9271124999999992,1.0215875,-0.9271124999999992,1.0215875,0.54,0.54
permanent_bilateral_3pass,cooperative,cumulative_capacity_cost,100,learned_q,24.38,24.38,24.08,24.68,24.08,24.68,1.0,1.0
permanent_bilateral_3pass,hoarding,final_total_score,100,learned_q,10.02,10.02,5.56975,14.460999999999995,5.56975,14.460999999999995,0.63,0.63
permanent_bilateral_3pass,hoarding,final_mean_score,100,learned_q,2.004,2.004,1.1060000000000003,2.8661499999999993,1.1060000000000003,2.8661499999999993,0.63,0.63
permanent_bilateral_3pass,hoarding,final_min_score,100,learned_q,2.77,2.77,1.77975,3.7702499999999985,1.77975,3.7702499999999985,0.61,0.61
permanent_bilateral_3pass,hoarding,bottom_two_mean_score,100,learned_q,2.61,2.61,1.72,3.5351249999999994,1.72,3.5351249999999994,0.64,0.64
permanent_bilateral_3pass,hoarding,final_score_gap,100,learned_q,-3.79,-3.79,-6.09,-1.4490000000000054,-6.09,-1.4490000000000054,0.38,0.38
permanent_bilateral_3pass,hoarding,gini_score,100,learned_q,-0.05884832792054374,-0.05884832792054374,-0.08030818476209417,-0.037927776186005735,-0.08030818476209417,-0.037927776186005735,0.33,0.33
permanent_bilateral_3pass,hoarding,final_welfare,100,learned_q,2.1954999999999996,2.1954999999999996,1.3592499999999998,3.0490250000000008,1.3592499999999998,3.0490250000000008,0.66,0.66
permanent_bilateral_3pass,hoarding,cumulative_capacity_cost,100,learned_q,25.27,25.27,25.03,25.48,25.03,25.48,1.0,1.0
permanent_bilateral_3pass,mixed,final_total_score,100,learned_q,4.39,4.39,0.07975000000000002,8.93025,0.07975000000000002,8.93025,0.57,0.57
permanent_bilateral_3pass,mixed,final_mean_score,100,learned_q,0.878,0.878,-0.04205000000000019,1.7720499999999995,-0.04205000000000019,1.7720499999999995,0.57,0.57
permanent_bilateral_3pass,mixed,final_min_score,100,learned_q,1.12,1.12,0.009750000000000014,2.230499999999997,0.009750000000000014,2.230499999999997,0.5,0.5
permanent_bilateral_3pass,mixed,bottom_two_mean_score,100,learned_q,1.4,1.4,0.544875,2.360124999999999,0.544875,2.360124999999999,0.6,0.6
permanent_bilateral_3pass,mixed,final_score_gap,100,learned_q,-1.67,-1.67,-3.72,0.39024999999999865,-3.72,0.39024999999999865,0.39,0.39
permanent_bilateral_3pass,mixed,gini_score,100,learned_q,-0.030579340511551756,-0.030579340511551756,-0.048891215016987705,-0.013070169650487032,-0.048891215016987705,-0.013070169650487032,0.34,0.34
permanent_bilateral_3pass,mixed,final_welfare,100,learned_q,0.9384999999999999,0.9384999999999999,0.10242500000000036,1.7626249999999992,0.10242500000000036,1.7626249999999992,0.63,0.63
permanent_bilateral_3pass,mixed,cumulative_capacity_cost,100,learned_q,24.65,24.65,24.37,24.93,24.37,24.93,1.0,1.0
permanent_bilateral_3pass,need_based_to_competitive,final_total_score,100,learned_q,1.58,1.58,-2.69,5.960999999999994,-2.69,5.960999999999994,0.49,0.49
permanent_bilateral_3pass,need_based_to_competitive,final_mean_score,100,learned_q,0.3160000000000002,0.3160000000000002,-0.5961999999999997,1.1360500000000002,-0.5961999999999997,1.1360500000000002,0.49,0.49
permanent_bilateral_3pass,need_based_to_competitive,final_min_score,100,learned_q,1.88,1.88,0.67,3.08,0.67,3.08,0.6,0.6
permanent_bilateral_3pass,need_based_to_competitive,bottom_two_mean_score,100,learned_q,1.375,1.375,0.3,2.4003749999999977,0.3,2.4003749999999977,0.6,0.6
permanent_bilateral_3pass,need_based_to_competitive,final_score_gap,100,learned_q,-2.36,-2.36,-4.31,-0.2895000000000027,-4.31,-0.2895000000000027,0.39,0.39
permanent_bilateral_3pass,need_based_to_competitive,gini_score,100,learned_q,-0.025360847873963567,-0.025360847873963567,-0.044580764786123696,-0.006919343404904405,-0.044580764786123696,-0.006919343404904405,0.35,0.35
permanent_bilateral_3pass,need_based_to_competitive,final_welfare,100,learned_q,0.7070000000000002,0.7070000000000002,-0.19508749999999977,1.6190375000000001,-0.19508749999999977,1.6190375000000001,0.57,0.57
permanent_bilateral_3pass,need_based_to_competitive,cumulative_capacity_cost,100,learned_q,24.81,24.81,24.57,25.05,24.57,25.05,1.0,1.0
permanent_bilateral_3pass,cooperative_to_hoarding,final_total_score,100,learned_q,3.44,3.44,-1.71025,8.74,-1.71025,8.74,0.58,0.58
permanent_bilateral_3pass,cooperative_to_hoarding,final_mean_score,100,learned_q,0.6880000000000002,0.6880000000000002,-0.40005,1.7780499999999997,-0.40005,1.7780499999999997,0.58,0.58
permanent_bilateral_3pass,cooperative_to_hoarding,final_min_score,100,learned_q,1.0,1.0,-0.15,2.19,-0.15,2.19,0.45,0.45
permanent_bilateral_3pass,cooperative_to_hoarding,bottom_two_mean_score,100,learned_q,1.055,1.055,-0.140125,2.225,-0.140125,2.225,0.55,0.55
permanent_bilateral_3pass,cooperative_to_hoarding,final_score_gap,100,learned_q,-1.45,-1.45,-3.65,0.8602499999999986,-3.65,0.8602499999999986,0.46,0.46
permanent_bilateral_3pass,cooperative_to_hoarding,gini_score,100,learned_q,-0.020265994096447068,-0.020265994096447068,-0.042474944833502365,0.0027234341688507574,-0.042474944833502365,0.0027234341688507574,0.44,0.44
permanent_bilateral_3pass,cooperative_to_hoarding,final_welfare,100,learned_q,0.7660000000000001,0.7660000000000001,-0.2371500000000003,1.7685000000000002,-0.2371500000000003,1.7685000000000002,0.58,0.58
permanent_bilateral_3pass,cooperative_to_hoarding,cumulative_capacity_cost,100,learned_q,25.09,25.09,24.83,25.34,24.83,25.34,1.0,1.0
random_feasible,ALL,final_total_score,600,learned_q,0.43666666666666665,0.43666666666666665,-1.4900416666666667,2.3433749999999995,-2.0267500000000003,2.8500416666666664,0.5,0.5
random_feasible,ALL,final_mean_score,600,learned_q,0.08733333333333322,0.08733333333333322,-0.295025,0.4677083333333332,-0.4010000000000001,0.5643499999999997,0.5,0.5
random_feasible,ALL,final_min_score,600,learned_q,0.2833333333333333,0.2833333333333333,-0.233375,0.7667083333333331,-0.31333333333333335,0.8766666666666667,0.45166666666666666,0.45166666666666666
random_feasible,ALL,bottom_two_mean_score,600,learned_q,0.2991666666666667,0.2991666666666667,-0.14752083333333332,0.7316874999999999,-0.24585416666666662,0.8291874999999997,0.505,0.505
random_feasible,ALL,final_score_gap,600,learned_q,-0.93,-0.93,-1.8001666666666667,-0.03316666666666757,-2.0433333333333334,0.1783749999999994,0.43333333333333335,0.43333333333333335
random_feasible,ALL,gini_score,600,learned_q,-0.007838538255914929,-0.007838538255914929,-0.01564761907926122,-0.0002028751283137522,-0.01706814052944408,0.0012086876026191108,0.49166666666666664,0.49166666666666664
random_feasible,ALL,final_welfare,600,learned_q,0.13633333333333317,0.13633333333333317,-0.24346666666666675,0.5140541666666657,-0.3360125000000002,0.6078333333333331,0.515,0.515
random_feasible,ALL,cumulative_capacity_cost,600,learned_q,-0.6783333333333333,-0.6783333333333333,-0.8216666666666667,-0.55,-0.838375,-0.5216250000000006,0.25333333333333335,0.25333333333333335
random_feasible,need_based,final_total_score,100,learned_q,2.48,2.48,-2.0,6.730249999999999,-2.0,6.730249999999999,0.51,0.51
random_feasible,need_based,final_mean_score,100,learned_q,0.4959999999999999,0.4959999999999999,-0.3860500000000002,1.3942999999999985,-0.3860500000000002,1.3942999999999985,0.51,0.51
random_feasible,need_based,final_min_score,100,learned_q,0.9,0.9,-0.67,2.3602499999999984,-0.67,2.3602499999999984,0.49,0.49
random_feasible,need_based,bottom_two_mean_score,100,learned_q,0.835,0.835,-0.38037499999999996,1.98,-0.38037499999999996,1.98,0.52,0.52
random_feasible,need_based,final_score_gap,100,learned_q,-0.96,-0.96,-3.2809999999999997,1.4302499999999985,-3.2809999999999997,1.4302499999999985,0.45,0.45
random_feasible,need_based,gini_score,100,learned_q,-0.01118194270734204,-0.01118194270734204,-0.027552804405083887,0.005652885960407764,-0.027552804405083887,0.005652885960407764,0.48,0.48
random_feasible,need_based,final_welfare,100,learned_q,0.5969999999999996,0.5969999999999996,-0.3425875000000003,1.515849999999997,-0.3425875000000003,1.515849999999997,0.54,0.54
random_feasible,need_based,cumulative_capacity_cost,100,learned_q,-0.84,-0.84,-1.21,-0.47,-1.21,-0.47,0.23,0.23
random_feasible,cooperative,final_total_score,100,learned_q,-1.25,-1.25,-6.100499999999999,3.61,-6.100499999999999,3.61,0.5,0.5
random_feasible,cooperative,final_mean_score,100,learned_q,-0.25000000000000017,-0.25000000000000017,-1.2040500000000003,0.7020999999999992,-1.2040500000000003,0.7020999999999992,0.5,0.5
random_feasible,cooperative,final_min_score,100,learned_q,0.09,0.09,-1.3302500000000002,1.3902499999999984,-1.3302500000000002,1.3902499999999984,0.46,0.46
random_feasible,cooperative,bottom_two_mean_score,100,learned_q,-0.11,-0.11,-1.2851249999999999,1.0804999999999974,-1.2851249999999999,1.0804999999999974,0.42,0.42
random_feasible,cooperative,final_score_gap,100,learned_q,-0.9,-0.9,-2.9605,1.2902499999999986,-2.9605,1.2902499999999986,0.46,0.46
random_feasible,cooperative,gini_score,100,learned_q,-0.0020064542443546897,-0.0020064542443546897,-0.02141162020867869,0.01654599249604825,-0.02141162020867869,0.01654599249604825,0.54,0.54
random_feasible,cooperative,final_welfare,100,learned_q,-0.16500000000000026,-0.16500000000000026,-1.1505500000000004,0.7991874999999992,-1.1505500000000004,0.7991874999999992,0.52,0.52
random_feasible,cooperative,cumulative_capacity_cost,100,learned_q,-1.19,-1.19,-1.53,-0.85,-1.53,-0.85,0.18,0.18
random_feasible,hoarding,final_total_score,100,learned_q,0.34,0.34,-4.97025,5.58,-4.97025,5.58,0.51,0.51
random_feasible,hoarding,final_mean_score,100,learned_q,0.06799999999999978,0.06799999999999978,-1.0301000000000002,1.1481999999999992,-1.0301000000000002,1.1481999999999992,0.51,0.51
random_feasible,hoarding,final_min_score,100,learned_q,0.25,0.25,-0.88,1.27,-0.88,1.27,0.46,0.46
random_feasible,hoarding,bottom_two_mean_score,100,learned_q,0.08,0.08,-0.950125,1.135,-0.950125,1.135,0.5,0.5
random_feasible,hoarding,final_score_gap,100,learned_q,-0.85,-0.85,-2.991,1.16,-2.991,1.16,0.45,0.45
random_feasible,hoarding,gini_score,100,learned_q,-0.008886606974474314,-0.008886606974474314,-0.02682286805964247,0.00989426306108491,-0.02682286805964247,0.00989426306108491,0.52,0.52
random_feasible,hoarding,final_welfare,100,learned_q,0.11349999999999971,0.11349999999999971,-0.9257625000000002,1.0965125000000002,-0.9257625000000002,1.0965125000000002,0.54,0.54
random_feasible,hoarding,cumulative_capacity_cost,100,learned_q,-0.26,-0.26,-0.53,0.01,-0.53,0.01,0.33,0.33
random_feasible,mixed,final_total_score,100,learned_q,1.12,1.12,-2.9907500000000002,5.330499999999997,-2.9907500000000002,5.330499999999997,0.46,0.46
random_feasible,mixed,final_mean_score,100,learned_q,0.2240000000000001,0.2240000000000001,-0.5960500000000001,1.082549999999997,-0.5960500000000001,1.082549999999997,0.46,0.46
random_feasible,mixed,final_min_score,100,learned_q,0.2,0.2,-0.80025,1.1602499999999984,-0.80025,1.1602499999999984,0.44,0.44
random_feasible,mixed,bottom_two_mean_score,100,learned_q,0.655,0.655,-0.305125,1.505,-0.305125,1.505,0.57,0.57
random_feasible,mixed,final_score_gap,100,learned_q,-0.09,-0.09,-2.1005000000000003,2.02,-2.1005000000000003,2.02,0.38,0.38
random_feasible,mixed,gini_score,100,learned_q,-0.008170691164744897,-0.008170691164744897,-0.025689951567634834,0.008210980783215551,-0.025689951567634834,0.008210980783215551,0.43,0.43
random_feasible,mixed,final_welfare,100,learned_q,0.2180000000000002,0.2180000000000002,-0.5900999999999997,0.9765000000000001,-0.5900999999999997,0.9765000000000001,0.53,0.53
random_feasible,mixed,cumulative_capacity_cost,100,learned_q,-0.86,-0.86,-1.22,-0.52,-1.22,-0.52,0.2,0.2
random_feasible,need_based_to_competitive,final_total_score,100,learned_q,1.27,1.27,-3.0,5.590999999999994,-3.0,5.590999999999994,0.52,0.52
random_feasible,need_based_to_competitive,final_mean_score,100,learned_q,0.25399999999999995,0.25399999999999995,-0.5781999999999998,1.070149999999999,-0.5781999999999998,1.070149999999999,0.52,0.52
random_feasible,need_based_to_competitive,final_min_score,100,learned_q,0.77,0.77,-0.46025,1.91,-0.46025,1.91,0.54,0.54
random_feasible,need_based_to_competitive,bottom_two_mean_score,100,learned_q,0.77,0.77,-0.24512499999999998,1.7601249999999993,-0.24512499999999998,1.7601249999999993,0.6,0.6
random_feasible,need_based_to_competitive,final_score_gap,100,learned_q,-1.72,-1.72,-3.95075,0.5002499999999986,-3.95075,0.5002499999999986,0.41,0.41
random_feasible,need_based_to_competitive,gini_score,100,learned_q,-0.01678323456034321,-0.01678323456034321,-0.034460589545728545,7.478254767167973e-05,-0.034460589545728545,7.478254767167973e-05,0.45,0.45
random_feasible,need_based_to_competitive,final_welfare,100,learned_q,0.3829999999999998,0.3829999999999998,-0.4405250000000001,1.2315999999999994,-0.4405250000000001,1.2315999999999994,0.53,0.53
random_feasible,need_based_to_competitive,cumulative_capacity_cost,100,learned_q,-0.6,-0.6,-0.90025,-0.3,-0.90025,-0.3,0.26,0.26
random_feasible,cooperative_to_hoarding,final_total_score,100,learned_q,-1.34,-1.34,-6.360250000000001,3.360749999999996,-6.360250000000001,3.360749999999996,0.5,0.5
random_feasible,cooperative_to_hoarding,final_mean_score,100,learned_q,-0.2679999999999999,-0.2679999999999999,-1.2400999999999998,0.6721499999999994,-1.2400999999999998,0.6721499999999994,0.5,0.5
random_feasible,cooperative_to_hoarding,final_min_score,100,learned_q,-0.51,-0.51,-1.58,0.560749999999996,-1.58,0.560749999999996,0.32,0.32
random_feasible,cooperative_to_hoarding,bottom_two_mean_score,100,learned_q,-0.435,-0.435,-1.40025,0.6001249999999992,-1.40025,0.6001249999999992,0.42,0.42
random_feasible,cooperative_to_hoarding,final_score_gap,100,learned_q,-1.06,-1.06,-3.08,1.0002499999999985,-3.08,1.0002499999999985,0.45,0.45
random_feasible,cooperative_to_hoarding,gini_score,100,learned_q,-2.2998842304278177e-06,-2.2998842304278177e-06,-0.02034384118960725,0.018451073644788773,-0.02034384118960725,0.018451073644788773,0.53,0.53
random_feasible,cooperative_to_hoarding,final_welfare,100,learned_q,-0.3284999999999998,-0.3284999999999998,-1.21855,0.601,-1.21855,0.601,0.43,0.43
random_feasible,cooperative_to_hoarding,cumulative_capacity_cost,100,learned_q,-0.32,-0.32,-0.64,0.0,-0.64,0.0,0.32,0.32
shuffled_learned_sequence,ALL,final_total_score,600,learned_q,0.5216666666666666,0.5216666666666666,-1.4717083333333334,2.351958333333332,-1.635,2.696749999999999,0.49166666666666664,0.49166666666666664
shuffled_learned_sequence,ALL,final_mean_score,600,learned_q,0.10433333333333338,0.10433333333333338,-0.28067499999999995,0.5144583333333327,-0.32934166666666664,0.5356749999999998,0.49166666666666664,0.49166666666666664
shuffled_learned_sequence,ALL,final_min_score,600,learned_q,0.24,0.24,-0.2567083333333333,0.7333333333333333,-0.30833333333333335,0.78,0.4116666666666667,0.4116666666666667
shuffled_learned_sequence,ALL,bottom_two_mean_score,600,learned_q,0.21166666666666667,0.21166666666666667,-0.22504166666666667,0.6326041666666661,-0.29335416666666664,0.7175,0.4816666666666667,0.4816666666666667
shuffled_learned_sequence,ALL,final_score_gap,600,learned_q,-0.455,-0.455,-1.316875,0.4100416666666664,-1.4467083333333335,0.5233333333333333,0.4633333333333333,0.4633333333333333
shuffled_learned_sequence,ALL,gini_score,600,learned_q,-0.006414579158775499,-0.006414579158775499,-0.013977942820858468,0.0007758442527917692,-0.015291442137169063,0.002368019830173441,0.465,0.465
shuffled_learned_sequence,ALL,final_welfare,600,learned_q,0.13825000000000004,0.13825000000000004,-0.23047916666666676,0.4921354166666666,-0.2950062499999999,0.5554333333333331,0.5016666666666667,0.5016666666666667
shuffled_learned_sequence,ALL,cumulative_capacity_cost,600,learned_q,3.191666666666667,3.191666666666667,2.9883333333333333,3.3916666666666666,2.921666666666667,3.4583333333333335,0.8616666666666667,0.8616666666666667
shuffled_learned_sequence,need_based,final_total_score,100,learned_q,1.98,1.98,-2.8105,6.851249999999993,-2.8105,6.851249999999993,0.46,0.46
shuffled_learned_sequence,need_based,final_mean_score,100,learned_q,0.3960000000000001,0.3960000000000001,-0.5580999999999999,1.3379999999999996,-0.5580999999999999,1.3379999999999996,0.46,0.46
shuffled_learned_sequence,need_based,final_min_score,100,learned_q,1.11,1.11,-0.37,2.65,-0.37,2.65,0.43,0.43
shuffled_learned_sequence,need_based,bottom_two_mean_score,100,learned_q,0.93,0.93,-0.28537499999999993,2.105,-0.28537499999999993,2.105,0.47,0.47
shuffled_learned_sequence,need_based,final_score_gap,100,learned_q,-0.67,-0.67,-2.88,1.5002499999999985,-2.88,1.5002499999999985,0.43,0.43
shuffled_learned_sequence,need_based,gini_score,100,learned_q,-0.008709766153205805,-0.008709766153205805,-0.02469667214252192,0.008023886069263372,-0.02469667214252192,0.008023886069263372,0.45,0.45
shuffled_learned_sequence,need_based,final_welfare,100,learned_q,0.5744999999999999,0.5744999999999999,-0.35459999999999975,1.5715374999999994,-0.35459999999999975,1.5715374999999994,0.5,0.5
shuffled_learned_sequence,need_based,cumulative_capacity_cost,100,learned_q,3.15,3.15,2.63,3.6502499999999984,2.63,3.6502499999999984,0.81,0.81
shuffled_learned_sequence,cooperative,final_total_score,100,learned_q,-0.85,-0.85,-5.600499999999999,3.6102499999999984,-5.600499999999999,3.6102499999999984,0.46,0.46
shuffled_learned_sequence,cooperative,final_mean_score,100,learned_q,-0.16999999999999996,-0.16999999999999996,-1.1020499999999998,0.8023499999999982,-1.1020499999999998,0.8023499999999982,0.46,0.46
shuffled_learned_sequence,cooperative,final_min_score,100,learned_q,-0.34,-0.34,-1.62,0.95,-1.62,0.95,0.41,0.41
shuffled_learned_sequence,cooperative,bottom_two_mean_score,100,learned_q,-0.33,-0.33,-1.4952500000000002,0.8,-1.4952500000000002,0.8,0.48,0.48
shuffled_learned_sequence,cooperative,final_score_gap,100,learned_q,-0.34,-0.34,-2.3602499999999997,1.68,-2.3602499999999997,1.68,0.47,0.47
shuffled_learned_sequence,cooperative,gini_score,100,learned_q,0.0016198904967323546,0.0016198904967323546,-0.01637598557945604,0.01801729036408,-0.01637598557945604,0.01801729036408,0.49,0.49
shuffled_learned_sequence,cooperative,final_welfare,100,learned_q,-0.21249999999999963,-0.21249999999999963,-1.1438249999999992,0.6540625,-1.1438249999999992,0.6540625,0.5,0.5
shuffled_learned_sequence,cooperative,cumulative_capacity_cost,100,learned_q,2.57,2.57,2.06,3.07,2.06,3.07,0.77,0.77
shuffled_learned_sequence,hoarding,final_total_score,100,learned_q,-0.42,-0.42,-5.04025,4.430249999999998,-5.04025,4.430249999999998,0.44,0.44
shuffled_learned_sequence,hoarding,final_mean_score,100,learned_q,-0.08400000000000041,-0.08400000000000041,-1.0720500000000004,0.9440999999999992,-1.0720500000000004,0.9440999999999992,0.44,0.44
shuffled_learned_sequence,hoarding,final_min_score,100,learned_q,0.65,0.65,-0.40025,1.67,-0.40025,1.67,0.41,0.41
shuffled_learned_sequence,hoarding,bottom_two_mean_score,100,learned_q,0.405,0.405,-0.565,1.3751249999999993,-0.565,1.3751249999999993,0.49,0.49
shuffled_learned_sequence,hoarding,final_score_gap,100,learned_q,-2.04,-2.04,-4.29025,0.22,-4.29025,0.22,0.46,0.46
shuffled_learned_sequence,hoarding,gini_score,100,learned_q,-0.02065634587566102,-0.02065634587566102,-0.04049605504748021,0.0005892220228366635,-0.04049605504748021,0.0005892220228366635,0.42,0.42
shuffled_learned_sequence,hoarding,final_welfare,100,learned_q,0.09949999999999949,0.09949999999999949,-0.8320250000000005,0.9940249999999993,-0.8320250000000005,0.9940249999999993,0.46,0.46
shuffled_learned_sequence,hoarding,cumulative_capacity_cost,100,learned_q,3.57,3.57,3.11,4.06,3.11,4.06,0.94,0.94
shuffled_learned_sequence,mixed,final_total_score,100,learned_q,1.51,1.51,-3.0505,5.99,-3.0505,5.99,0.56,0.56
shuffled_learned_sequence,mixed,final_mean_score,100,learned_q,0.30200000000000027,0.30200000000000027,-0.6061000000000001,1.242399999999998,-0.6061000000000001,1.242399999999998,0.56,0.56
shuffled_learned_sequence,mixed,final_min_score,100,learned_q,0.42,0.42,-0.7102499999999999,1.49,-0.7102499999999999,1.49,0.45,0.45
shuffled_learned_sequence,mixed,bottom_two_mean_score,100,learned_q,0.53,0.53,-0.55525,1.5601249999999993,-0.55525,1.5601249999999993,0.52,0.52
shuffled_learned_sequence,mixed,final_score_gap,100,learned_q,-0.19,-0.19,-2.15,1.8204999999999973,-2.15,1.8204999999999973,0.44,0.44
shuffled_learned_sequence,mixed,gini_score,100,learned_q,-0.012646499061290395,-0.012646499061290395,-0.03057372207588287,0.004556083610284316,-0.03057372207588287,0.004556083610284316,0.44,0.44
shuffled_learned_sequence,mixed,final_welfare,100,learned_q,0.3315000000000002,0.3315000000000002,-0.5804999999999995,1.174187499999999,-0.5804999999999995,1.174187499999999,0.55,0.55
shuffled_learned_sequence,mixed,cumulative_capacity_cost,100,learned_q,2.94,2.94,2.44,3.44,2.44,3.44,0.85,0.85
shuffled_learned_sequence,need_based_to_competitive,final_total_score,100,learned_q,0.37,0.37,-3.87075,5.050249999999998,-3.87075,5.050249999999998,0.49,0.49
shuffled_learned_sequence,need_based_to_competitive,final_mean_score,100,learned_q,0.07400000000000012,0.07400000000000012,-0.8340500000000003,0.924,-0.8340500000000003,0.924,0.49,0.49
shuffled_learned_sequence,need_based_to_competitive,final_min_score,100,learned_q,-0.12,-0.12,-1.2905,1.05,-1.2905,1.05,0.37,0.37
shuffled_learned_sequence,need_based_to_competitive,bottom_two_mean_score,100,learned_q,0.02,0.02,-1.02,1.0151249999999992,-1.02,1.0151249999999992,0.45,0.45
shuffled_learned_sequence,need_based_to_competitive,final_score_gap,100,learned_q,0.82,0.82,-1.18025,2.630749999999996,-1.18025,2.630749999999996,0.54,0.54
shuffled_learned_sequence,need_based_to_competitive,gini_score,100,learned_q,0.0023080873363438225,0.0023080873363438225,-0.014091355410460632,0.0181966130734746,-0.014091355410460632,0.0181966130734746,0.49,0.49
shuffled_learned_sequence,need_based_to_competitive,final_welfare,100,learned_q,0.025500000000000113,0.025500000000000113,-0.82165,0.9172124999999988,-0.82165,0.9172124999999988,0.47,0.47
shuffled_learned_sequence,need_based_to_competitive,cumulative_capacity_cost,100,learned_q,3.5,3.5,3.06,3.94,3.06,3.94,0.9,0.9
shuffled_learned_sequence,cooperative_to_hoarding,final_total_score,100,learned_q,0.54,0.54,-4.55025,5.430249999999998,-4.55025,5.430249999999998,0.54,0.54
shuffled_learned_sequence,cooperative_to_hoarding,final_mean_score,100,learned_q,0.10799999999999993,0.10799999999999993,-0.8361,1.0800499999999993,-0.8361,1.0800499999999993,0.54,0.54
shuffled_learned_sequence,cooperative_to_hoarding,final_min_score,100,learned_q,-0.28,-0.28,-1.19,0.63,-1.19,0.63,0.4,0.4
shuffled_learned_sequence,cooperative_to_hoarding,bottom_two_mean_score,100,learned_q,-0.285,-0.285,-1.215125,0.64,-1.215125,0.64,0.48,0.48
shuffled_learned_sequence,cooperative_to_hoarding,final_score_gap,100,learned_q,-0.31,-0.31,-2.41,1.75,-2.41,1.75,0.44,0.44
shuffled_learned_sequence,cooperative_to_hoarding,gini_score,100,learned_q,-0.0004028416955719472,-0.0004028416955719472,-0.02112930580657386,0.019691959560134142,-0.02112930580657386,0.019691959560134142,0.5,0.5
shuffled_learned_sequence,cooperative_to_hoarding,final_welfare,100,learned_q,0.010999999999999944,0.010999999999999944,-0.8720124999999999,0.8660624999999994,-0.8720124999999999,0.8660624999999994,0.53,0.53
shuffled_learned_sequence,cooperative_to_hoarding,cumulative_capacity_cost,100,learned_q,3.42,3.42,2.92,3.96,2.92,3.96,0.9,0.9
